<?xml version="1.0" encoding="utf-8"?><!--
/**
 * @copyright	Copyright © 2018 - All rights reserved.
 * @license		GNU General Public License v2.0
 */
-->
<extension type="module" method="upgrade" client="site">
	<name>MOD_HUSCI_COOKIES</name>
	<creationDate>Dec 2018</creationDate>
	<author>Houshmand Farid</author>
	<authorEmail>husci@annica.it</authorEmail>
	<authorUrl>http://www.annica.it</authorUrl>
	<copyright>Copyright © 2018 - All rights reserved.</copyright>
	<license>GNU General Public License v2.0</license>
	<version>1.1.6</version>
	<description>MOD_HUSCI_COOKIES_DESCRIPTION</description>
	<files>
		<filename module="mod_husci_cookies">mod_husci_cookies.php</filename>
		<filename>mod_husci_cookies.xml</filename>
		<filename>index.html</filename>
		<folder>language</folder>
		<folder>tmpl</folder>
		<folder>assets</folder>
	</files>
	<config>
		<fields name="params">
			<fieldset
				name="advanced">
				<field
					name="layout"
					type="modulelayout"
					label="JFIELD_ALT_LAYOUT_LABEL"
					description="JFIELD_ALT_MODULE_LAYOUT_DESC" />

				<field
					name="moduleclass_sfx"
					type="textarea" rows="3"
					label="COM_MODULES_FIELD_MODULECLASS_SFX_LABEL"
					description="COM_MODULES_FIELD_MODULECLASS_SFX_DESC" />

				<field
					name="cache"
					type="list"
					default="1"
					label="COM_MODULES_FIELD_CACHING_LABEL"
					description="COM_MODULES_FIELD_CACHING_DESC">
					<option
						value="1">JGLOBAL_USE_GLOBAL</option>
					<option
						value="0">COM_MODULES_FIELD_VALUE_NOCACHING</option>
				</field>

				<field
					name="cache_time"
					type="text"
					default="900"
					label="COM_MODULES_FIELD_CACHE_TIME_LABEL"
					description="COM_MODULES_FIELD_CACHE_TIME_DESC" />
				<field
					name="cachemode"
					type="hidden"
					default="static">
					<option
						value="static"></option>
				</field>
			</fieldset>
			<fieldset name="setting" label="MOD_SETTING" description="MOD_SETTING_FIELDSET_DESCRIPTION">
				<field type="text" label="MOD_POPUP_TITLE" name="popup_title" description="MOD_POPUP_TITLE_DESCRIPTION" default="GDPR COOKIE POLICY" class="" size="30" maxlength="30" filter="" />
				<field type="editor" label="MOD_POPUP_DESC" name="popup_desc" description="MOD_POPUP_DESC_DESCRIPTION" default="Per poter gestire al meglio la tua navigazione su questo sito verranno temporaneamente memorizzate alcune informazioni in piccoli file di testo denominati cookie.È molto importante che tu sia informato e che accetti la politica sulla privacy e sui cookie di questo sito Web. Per ulteriori informazioni, leggi la nostra politica sulla privacy e sui cookie." 
				width="30%" filter="safehtml" />
				<field type="text" label="MOD_TITLE_FONT_SIZE" name="title_font_size" description="MOD_TITLE_FONT_SIZE_DESCRIPTION" default="18px" class="" size="5" maxlength="5" filter="" />
				<field type="text" label="MOD_DESC_FONT_SIZE" name="desc_font_size" description="MOD_DESC_FONT_SIZE_DESCRIPTION" default="11px" class="" size="5" maxlength="5" filter="" />
				<field type="text" label="MOD_BUTTON_TEXT" name="button_text" description="MOD_BUTTON_TEXT_DESCRIPTION" default="OK, HO CAPITO E ACCETTO" class="" size="30" maxlength="30" filter="" />
				<field type="color" label="MOD_POPUP_COLOR" name="popup_color" description="MOD_POPUP_COLOR_DESCRIPTION" default="#000000" />
				<field type="text" label="MOD_COOKIE_NAME" name="cookie_name" description="MOD_COOKIE_NAME_DESCRIPTION" default="" class="" size="25" maxlength="25" filter="" />
				<field type="text" label="MOD_COOKIE_POLICY_LINK" name="cookie_policy_link" description="MOD_COOKIE_POLICY_LINK_DESCRIPTION" default="/cookie_policy" class="" size="30" maxlength="30" filter="" />
				<field type="radio" 
				label="MOD_GA_ENABLE" 
				name="GA_enable" 
				description="MOD_GA_ENABLE_DESCRIPTION"
					class="btn-group btn-group-yesno"
					default="0"
					filter="integer"
					
					>
					<option value="1">JYES</option>
					<option value="0">JNO</option>
				</field>
				<field type="text" label="MOD_GOOGLE_AN_COD" name="google_an_cod" description="MOD_GOOGLE_AN_COD_DESCRIPTION" default="" class="" size="30" maxlength="30" filter="" />
				<field type="radio" label="MOD_FB_PIXEL_ENABLE" name="fb_pixel_enable" description="MOD_FB_PIXEL_ENABLE_DESCRIPTION"
					class="btn-group btn-group-yesno"
					default="0"
					filter="integer"
					
					>
					<option value="1">JYES</option>
					<option value="0">JNO</option>
				</field>
				<field type="text" label="MOD_FB_PIXEL_CODE" name="fb_pixel_code" description="MOD_FB_PIXEL_CODE_DESCRIPTION" default="" class="" size="30" maxlength="30" filter="" />
				<field type="text" label="MOD_COOKIES_EXPIRES_DAYS" name="cookies_expires_days" description="MOD_COOKIES_EXPIRES_DAYS_DESCRIPTION" default="30" class="" size="4" maxlength="4" filter="" />
			</fieldset>
		</fields>


	</config> 
	<languages folder="language">
		<language tag="en-GB">en-GB/en-GB.mod_husci_cookies.sys.ini</language>
		<language tag="en-GB">en-GB/en-GB.mod_husci_cookies.ini</language>
		<language tag="it-IT">it-IT/it-IT.mod_husci_cookies.sys.ini</language>
		<language tag="it-IT">it-IT/it-IT.mod_husci_cookies.ini</language>
	</languages>
	<updateservers>
	<server type="extension" name="Helloworld" priority="1">https://raw.githubusercontent.com/husci/Husci-Cookies/master/husci_cookies_update.xml</server>
</updateservers>
</extension>